date,rainfall_mm
2021-01-01,0.6
2021-01-02,0.6
2021-01-03,0.7
2021-01-04,2.8
2021-01-05,0.7
2021-01-06,0.0
2021-01-07,1.8
2021-01-08,0.3
2021-01-09,0.5
2021-01-10,1.3
2021-01-11,1.6
2021-01-12,3.9
2021-01-13,2.6
2021-01-14,1.3
2021-01-15,0.0
2021-01-16,0.0
2021-01-17,1.6
2021-01-18,4.3
2021-01-19,1.1
2021-01-20,0.7
2021-01-21,2.3
2021-01-22,0.0
2021-01-23,0.2
2021-01-24,2.2
2021-01-25,3.2
2021-01-26,0.4
2021-01-27,1.9
2021-01-28,1.6
2021-01-29,3.0
2021-01-30,0.0
2021-01-31,2.4
2021-02-01,0.0
2021-02-02,0.0
2021-02-03,0.0
2021-02-04,0.0
2021-02-05,3.2
2021-02-06,2.7
2021-02-07,0.0
2021-02-08,3.1
2021-02-09,0.0
2021-02-10,0.8
2021-02-11,0.3
2021-02-12,1.3
2021-02-13,3.0
2021-02-14,2.6
2021-02-15,1.9
2021-02-16,2.6
2021-02-17,2.2
2021-02-18,0.0
2021-02-19,0.0
2021-02-20,0.0
2021-02-21,2.2
2021-02-22,0.4
2021-02-23,6.8
2021-02-24,0.0
2021-02-25,0.0
2021-02-26,2.9
2021-02-27,4.6
2021-02-28,2.3
2021-03-01,3.1
2021-03-02,4.6
2021-03-03,0.8
2021-03-04,0.0
2021-03-05,0.0
2021-03-06,3.4
2021-03-07,0.0
2021-03-08,1.1
2021-03-09,1.6
2021-03-10,0.2
2021-03-11,2.8
2021-03-12,2.5
2021-03-13,6.8
2021-03-14,2.5
2021-03-15,0.0
2021-03-16,0.0
2021-03-17,0.0
2021-03-18,3.4
2021-03-19,0.0
2021-03-20,0.8
2021-03-21,2.9
2021-03-22,0.0
2021-03-23,0.3
2021-03-24,0.0
2021-03-25,0.0
2021-03-26,0.0
2021-03-27,2.0
2021-03-28,4.0
2021-03-29,1.0
2021-03-30,1.7
2021-03-31,1.4
2021-04-01,3.7
2021-04-02,3.2
2021-04-03,1.7
2021-04-04,0.0
2021-04-05,3.3
2021-04-06,2.0
2021-04-07,4.1
2021-04-08,0.9
2021-04-09,5.9
2021-04-10,0.1
2021-04-11,5.0
2021-04-12,1.3
2021-04-13,0.0
2021-04-14,0.0
2021-04-15,0.6
2021-04-16,4.6
2021-04-17,3.0
2021-04-18,2.7
2021-04-19,0.0
2021-04-20,2.8
2021-04-21,2.4
2021-04-22,0.0
2021-04-23,0.0
2021-04-24,1.0
2021-04-25,5.3
2021-04-26,0.0
2021-04-27,0.0
2021-04-28,4.4
2021-04-29,0.0
2021-04-30,0.1
2021-05-01,1.2
2021-05-02,0.0
2021-05-03,1.5
2021-05-04,0.0
2021-05-05,3.2
2021-05-06,1.0
2021-05-07,6.7
2021-05-08,1.7
2021-05-09,4.4
2021-05-10,0.0
2021-05-11,0.7
2021-05-12,1.8
2021-05-13,5.4
2021-05-14,0.0
2021-05-15,3.5
2021-05-16,2.5
2021-05-17,4.8
2021-05-18,2.8
2021-05-19,1.1
2021-05-20,0.0
2021-05-21,0.0
2021-05-22,1.5
2021-05-23,0.5
2021-05-24,6.1
2021-05-25,0.0
2021-05-26,1.8
2021-05-27,0.0
2021-05-28,0.0
2021-05-29,1.7
2021-05-30,3.1
2021-05-31,4.6
2021-06-01,21.2
2021-06-02,12.9
2021-06-03,21.0
2021-06-04,10.9
2021-06-05,99.3
2021-06-06,27.2
2021-06-07,117.5
2021-06-08,15.9
2021-06-09,11.1
2021-06-10,3.6
2021-06-11,13.2
2021-06-12,25.0
2021-06-13,29.6
2021-06-14,0.0
2021-06-15,28.0
2021-06-16,36.9
2021-06-17,32.6
2021-06-18,22.1
2021-06-19,33.7
2021-06-20,19.6
2021-06-21,35.4
2021-06-22,146.6
2021-06-23,4.6
2021-06-24,62.3
2021-06-25,14.0
2021-06-26,9.6
2021-06-27,89.6
2021-06-28,36.1
2021-06-29,20.7
2021-06-30,0.0
2021-07-01,43.0
2021-07-02,19.9
2021-07-03,11.8
2021-07-04,2.2
2021-07-05,92.2
2021-07-06,0.0
2021-07-07,21.4
2021-07-08,32.1
2021-07-09,27.6
2021-07-10,22.8
2021-07-11,31.1
2021-07-12,1.3
2021-07-13,8.0
2021-07-14,0.0
2021-07-15,16.0
2021-07-16,23.3
2021-07-17,40.0
2021-07-18,82.0
2021-07-19,49.5
2021-07-20,29.0
2021-07-21,21.8
2021-07-22,55.9
2021-07-23,6.9
2021-07-24,40.7
2021-07-25,50.5
2021-07-26,145.3
2021-07-27,19.9
2021-07-28,0.0
2021-07-29,47.5
2021-07-30,8.4
2021-07-31,17.3
2021-08-01,29.3
2021-08-02,46.5
2021-08-03,120.5
2021-08-04,2.5
2021-08-05,52.9
2021-08-06,22.7
2021-08-07,20.7
2021-08-08,45.3
2021-08-09,50.9
2021-08-10,0.0
2021-08-11,13.1
2021-08-12,17.0
2021-08-13,47.8
2021-08-14,3.0
2021-08-15,120.0
2021-08-16,35.2
2021-08-17,1.2
2021-08-18,35.9
2021-08-19,54.5
2021-08-20,0.0
2021-08-21,51.0
2021-08-22,26.6
2021-08-23,33.6
2021-08-24,0.0
2021-08-25,24.0
2021-08-26,13.6
2021-08-27,27.7
2021-08-28,54.7
2021-08-29,79.1
2021-08-30,9.6
2021-08-31,52.9
2021-09-01,0.0
2021-09-02,0.0
2021-09-03,51.9
2021-09-04,57.8
2021-09-05,53.7
2021-09-06,21.2
2021-09-07,30.6
2021-09-08,12.4
2021-09-09,44.6
2021-09-10,9.8
2021-09-11,120.4
2021-09-12,0.0
2021-09-13,15.1
2021-09-14,17.5
2021-09-15,27.2
2021-09-16,8.3
2021-09-17,54.2
2021-09-18,15.3
2021-09-19,39.2
2021-09-20,35.1
2021-09-21,35.5
2021-09-22,42.4
2021-09-23,7.7
2021-09-24,36.8
2021-09-25,22.0
2021-09-26,10.7
2021-09-27,5.4
2021-09-28,0.0
2021-09-29,28.5
2021-09-30,40.7
2021-10-01,6.1
2021-10-02,0.0
2021-10-03,10.9
2021-10-04,3.1
2021-10-05,0.0
2021-10-06,3.5
2021-10-07,6.3
2021-10-08,6.7
2021-10-09,3.6
2021-10-10,0.0
2021-10-11,4.5
2021-10-12,7.6
2021-10-13,5.3
2021-10-14,0.7
2021-10-15,0.6
2021-10-16,1.1
2021-10-17,0.0
2021-10-18,3.3
2021-10-19,10.3
2021-10-20,11.3
2021-10-21,3.3
2021-10-22,3.3
2021-10-23,0.6
2021-10-24,0.2
2021-10-25,4.4
2021-10-26,8.8
2021-10-27,1.4
2021-10-28,6.6
2021-10-29,4.2
2021-10-30,6.2
2021-10-31,0.0
2021-11-01,5.4
2021-11-02,0.0
2021-11-03,9.7
2021-11-04,2.5
2021-11-05,13.0
2021-11-06,0.0
2021-11-07,0.0
2021-11-08,0.0
2021-11-09,0.0
2021-11-10,2.7
2021-11-11,0.0
2021-11-12,0.0
2021-11-13,2.8
2021-11-14,0.0
2021-11-15,2.8
2021-11-16,6.8
2021-11-17,0.0
2021-11-18,0.0
2021-11-19,0.0
2021-11-20,2.1
2021-11-21,2.7
2021-11-22,5.0
2021-11-23,2.1
2021-11-24,6.9
2021-11-25,0.4
2021-11-26,8.6
2021-11-27,5.3
2021-11-28,5.8
2021-11-29,0.3
2021-11-30,0.0
2021-12-01,3.4
2021-12-02,2.0
2021-12-03,0.0
2021-12-04,0.3
2021-12-05,1.7
2021-12-06,3.5
2021-12-07,3.7
2021-12-08,0.0
2021-12-09,0.0
2021-12-10,0.0
2021-12-11,1.2
2021-12-12,0.0
2021-12-13,3.3
2021-12-14,1.1
2021-12-15,1.1
2021-12-16,0.0
2021-12-17,3.5
2021-12-18,0.2
2021-12-19,1.0
2021-12-20,0.0
2021-12-21,0.0
2021-12-22,0.0
2021-12-23,1.5
2021-12-24,3.6
2021-12-25,3.2
2021-12-26,1.4
2021-12-27,0.0
2021-12-28,0.0
2021-12-29,2.4
2021-12-30,3.4
2021-12-31,3.4
2022-01-01,3.5
2022-01-02,3.5
2022-01-03,1.4
2022-01-04,0.5
2022-01-05,0.8
2022-01-06,0.2
2022-01-07,0.0
2022-01-08,0.2
2022-01-09,1.2
2022-01-10,0.0
2022-01-11,2.2
2022-01-12,0.0
2022-01-13,4.7
2022-01-14,0.0
2022-01-15,3.9
2022-01-16,1.9
2022-01-17,0.0
2022-01-18,1.4
2022-01-19,1.2
2022-01-20,0.0
2022-01-21,0.0
2022-01-22,0.0
2022-01-23,3.9
2022-01-24,1.7
2022-01-25,0.0
2022-01-26,1.2
2022-01-27,0.0
2022-01-28,1.2
2022-01-29,1.5
2022-01-30,1.7
2022-01-31,2.1
2022-02-01,0.0
2022-02-02,0.0
2022-02-03,1.8
2022-02-04,4.8
2022-02-05,1.2
2022-02-06,0.0
2022-02-07,0.0
2022-02-08,0.0
2022-02-09,4.5
2022-02-10,4.0
2022-02-11,2.2
2022-02-12,0.7
2022-02-13,3.1
2022-02-14,1.3
2022-02-15,0.0
2022-02-16,0.0
2022-02-17,0.0
2022-02-18,3.4
2022-02-19,4.4
2022-02-20,2.8
2022-02-21,0.2
2022-02-22,0.2
2022-02-23,1.7
2022-02-24,0.0
2022-02-25,0.0
2022-02-26,0.3
2022-02-27,5.3
2022-02-28,0.6
2022-03-01,0.0
2022-03-02,3.2
2022-03-03,0.0
2022-03-04,3.2
2022-03-05,0.0
2022-03-06,5.1
2022-03-07,1.5
2022-03-08,0.0
2022-03-09,4.4
2022-03-10,0.1
2022-03-11,2.9
2022-03-12,0.0
2022-03-13,0.0
2022-03-14,2.6
2022-03-15,2.9
2022-03-16,0.6
2022-03-17,2.1
2022-03-18,0.0
2022-03-19,0.0
2022-03-20,1.3
2022-03-21,0.8
2022-03-22,0.0
2022-03-23,3.8
2022-03-24,0.0
2022-03-25,5.4
2022-03-26,3.7
2022-03-27,1.1
2022-03-28,3.8
2022-03-29,0.0
2022-03-30,0.0
2022-03-31,5.8
2022-04-01,1.9
2022-04-02,1.7
2022-04-03,2.6
2022-04-04,1.7
2022-04-05,0.0
2022-04-06,3.8
2022-04-07,0.0
2022-04-08,0.9
2022-04-09,1.4
2022-04-10,2.0
2022-04-11,0.7
2022-04-12,0.5
2022-04-13,0.0
2022-04-14,1.2
2022-04-15,0.0
2022-04-16,0.0
2022-04-17,0.0
2022-04-18,1.3
2022-04-19,0.0
2022-04-20,1.7
2022-04-21,4.8
2022-04-22,0.0
2022-04-23,4.1
2022-04-24,0.0
2022-04-25,1.5
2022-04-26,0.0
2022-04-27,2.9
2022-04-28,0.0
2022-04-29,4.4
2022-04-30,0.8
2022-05-01,2.9
2022-05-02,2.2
2022-05-03,2.1
2022-05-04,3.3
2022-05-05,3.1
2022-05-06,1.1
2022-05-07,0.0
2022-05-08,1.6
2022-05-09,3.8
2022-05-10,0.0
2022-05-11,0.0
2022-05-12,0.0
2022-05-13,0.7
2022-05-14,2.3
2022-05-15,2.0
2022-05-16,1.2
2022-05-17,2.6
2022-05-18,4.1
2022-05-19,1.3
2022-05-20,0.0
2022-05-21,7.7
2022-05-22,0.0
2022-05-23,0.0
2022-05-24,4.5
2022-05-25,4.6
2022-05-26,0.0
2022-05-27,1.3
2022-05-28,0.0
2022-05-29,0.0
2022-05-30,0.0
2022-05-31,1.6
2022-06-01,62.6
2022-06-02,35.6
2022-06-03,16.3
2022-06-04,76.5
2022-06-05,7.9
2022-06-06,109.6
2022-06-07,0.0
2022-06-08,2.3
2022-06-09,3.5
2022-06-10,28.0
2022-06-11,13.4
2022-06-12,45.6
2022-06-13,33.6
2022-06-14,18.0
2022-06-15,68.3
2022-06-16,31.3
2022-06-17,9.6
2022-06-18,13.7
2022-06-19,16.2
2022-06-20,3.1
2022-06-21,27.9
2022-06-22,0.0
2022-06-23,1.9
2022-06-24,32.2
2022-06-25,25.2
2022-06-26,15.9
2022-06-27,21.8
2022-06-28,0.0
2022-06-29,11.5
2022-06-30,0.0
2022-07-01,84.8
2022-07-02,22.3
2022-07-03,22.0
2022-07-04,29.9
2022-07-05,0.0
2022-07-06,1.9
2022-07-07,21.4
2022-07-08,27.1
2022-07-09,0.0
2022-07-10,0.0
2022-07-11,72.5
2022-07-12,6.3
2022-07-13,4.9
2022-07-14,0.0
2022-07-15,11.7
2022-07-16,64.1
2022-07-17,7.0
2022-07-18,26.4
2022-07-19,4.2
2022-07-20,34.3
2022-07-21,4.1
2022-07-22,17.1
2022-07-23,23.0
2022-07-24,0.0
2022-07-25,0.0
2022-07-26,9.4
2022-07-27,57.0
2022-07-28,55.5
2022-07-29,34.4
2022-07-30,150.6
2022-07-31,137.4
2022-08-01,11.6
2022-08-02,17.5
2022-08-03,1.0
2022-08-04,35.4
2022-08-05,20.3
2022-08-06,40.9
2022-08-07,11.9
2022-08-08,16.8
2022-08-09,53.4
2022-08-10,0.0
2022-08-11,20.4
2022-08-12,0.0
2022-08-13,0.0
2022-08-14,5.9
2022-08-15,18.0
2022-08-16,6.8
2022-08-17,26.4
2022-08-18,10.2
2022-08-19,108.4
2022-08-20,12.9
2022-08-21,0.0
2022-08-22,43.8
2022-08-23,75.2
2022-08-24,0.0
2022-08-25,2.5
2022-08-26,2.4
2022-08-27,18.8
2022-08-28,16.1
2022-08-29,13.4
2022-08-30,7.4
2022-08-31,45.5
2022-09-01,43.4
2022-09-02,0.0
2022-09-03,16.1
2022-09-04,44.8
2022-09-05,0.0
2022-09-06,0.0
2022-09-07,14.5
2022-09-08,25.3
2022-09-09,0.0
2022-09-10,127.3
2022-09-11,17.3
2022-09-12,38.8
2022-09-13,0.0
2022-09-14,110.2
2022-09-15,12.2
2022-09-16,12.9
2022-09-17,8.6
2022-09-18,121.6
2022-09-19,44.0
2022-09-20,6.2
2022-09-21,8.5
2022-09-22,41.8
2022-09-23,22.0
2022-09-24,56.8
2022-09-25,8.8
2022-09-26,23.4
2022-09-27,37.0
2022-09-28,21.3
2022-09-29,18.4
2022-09-30,45.0
2022-10-01,9.5
2022-10-02,5.1
2022-10-03,0.0
2022-10-04,3.2
2022-10-05,1.0
2022-10-06,11.7
2022-10-07,0.0
2022-10-08,0.1
2022-10-09,0.0
2022-10-10,0.0
2022-10-11,0.0
2022-10-12,0.0
2022-10-13,0.0
2022-10-14,0.0
2022-10-15,0.0
2022-10-16,0.0
2022-10-17,0.4
2022-10-18,0.0
2022-10-19,0.0
2022-10-20,5.4
2022-10-21,2.8
2022-10-22,0.8
2022-10-23,0.7
2022-10-24,11.0
2022-10-25,4.2
2022-10-26,5.4
2022-10-27,0.0
2022-10-28,0.0
2022-10-29,0.0
2022-10-30,0.9
2022-10-31,4.9
2022-11-01,0.0
2022-11-02,5.6
2022-11-03,0.0
2022-11-04,5.9
2022-11-05,0.0
2022-11-06,1.7
2022-11-07,5.1
2022-11-08,5.7
2022-11-09,2.4
2022-11-10,12.7
2022-11-11,0.9
2022-11-12,0.7
2022-11-13,0.0
2022-11-14,11.8
2022-11-15,1.2
2022-11-16,0.0
2022-11-17,9.6
2022-11-18,9.2
2022-11-19,3.5
2022-11-20,0.0
2022-11-21,5.1
2022-11-22,0.0
2022-11-23,0.0
2022-11-24,8.2
2022-11-25,0.0
2022-11-26,5.8
2022-11-27,5.3
2022-11-28,13.3
2022-11-29,4.6
2022-11-30,0.0
2022-12-01,0.0
2022-12-02,1.2
2022-12-03,1.9
2022-12-04,3.5
2022-12-05,0.0
2022-12-06,0.2
2022-12-07,3.4
2022-12-08,4.9
2022-12-09,5.7
2022-12-10,0.0
2022-12-11,3.7
2022-12-12,5.3
2022-12-13,4.0
2022-12-14,2.8
2022-12-15,3.1
2022-12-16,0.0
2022-12-17,0.0
2022-12-18,3.5
2022-12-19,0.1
2022-12-20,0.9
2022-12-21,0.0
2022-12-22,0.0
2022-12-23,1.6
2022-12-24,0.0
2022-12-25,1.2
2022-12-26,1.6
2022-12-27,0.8
2022-12-28,0.0
2022-12-29,3.0
2022-12-30,5.7
2022-12-31,0.0
2023-01-01,4.1
2023-01-02,3.2
2023-01-03,0.0
2023-01-04,0.0
2023-01-05,0.0
2023-01-06,3.0
2023-01-07,1.5
2023-01-08,2.2
2023-01-09,2.6
2023-01-10,0.0
2023-01-11,0.0
2023-01-12,0.0
2023-01-13,0.6
2023-01-14,0.7
2023-01-15,1.4
2023-01-16,0.0
2023-01-17,3.3
2023-01-18,3.3
2023-01-19,4.9
2023-01-20,2.8
2023-01-21,1.5
2023-01-22,2.7
2023-01-23,2.5
2023-01-24,0.0
2023-01-25,4.2
2023-01-26,5.3
2023-01-27,5.9
2023-01-28,1.1
2023-01-29,1.8
2023-01-30,2.0
2023-01-31,1.0
2023-02-01,2.5
2023-02-02,0.7
2023-02-03,0.5
2023-02-04,5.4
2023-02-05,1.4
2023-02-06,1.2
2023-02-07,3.2
2023-02-08,1.4
2023-02-09,1.7
2023-02-10,0.8
2023-02-11,0.0
2023-02-12,0.9
2023-02-13,0.0
2023-02-14,1.5
2023-02-15,0.0
2023-02-16,3.3
2023-02-17,2.9
2023-02-18,1.7
2023-02-19,0.7
2023-02-20,2.0
2023-02-21,0.0
2023-02-22,0.0
2023-02-23,0.6
2023-02-24,1.9
2023-02-25,0.8
2023-02-26,0.0
2023-02-27,1.3
2023-02-28,0.0
2023-03-01,0.0
2023-03-02,1.8
2023-03-03,0.5
2023-03-04,4.0
2023-03-05,2.7
2023-03-06,2.8
2023-03-07,1.8
2023-03-08,0.0
2023-03-09,0.0
2023-03-10,0.0
2023-03-11,8.2
2023-03-12,0.0
2023-03-13,0.5
2023-03-14,0.1
2023-03-15,0.3
2023-03-16,0.0
2023-03-17,0.0
2023-03-18,0.0
2023-03-19,0.0
2023-03-20,0.7
2023-03-21,0.0
2023-03-22,0.0
2023-03-23,1.5
2023-03-24,0.0
2023-03-25,3.3
2023-03-26,0.0
2023-03-27,1.6
2023-03-28,0.0
2023-03-29,2.6
2023-03-30,0.0
2023-03-31,2.0
2023-04-01,1.8
2023-04-02,0.6
2023-04-03,1.5
2023-04-04,0.0
2023-04-05,4.4
2023-04-06,3.3
2023-04-07,2.2
2023-04-08,0.0
2023-04-09,0.0
2023-04-10,0.0
2023-04-11,0.4
2023-04-12,2.1
2023-04-13,0.0
2023-04-14,3.9
2023-04-15,1.0
2023-04-16,0.0
2023-04-17,0.0
2023-04-18,0.0
2023-04-19,0.0
2023-04-20,0.0
2023-04-21,0.0
2023-04-22,0.2
2023-04-23,0.0
2023-04-24,0.0
2023-04-25,4.8
2023-04-26,4.0
2023-04-27,0.0
2023-04-28,4.1
2023-04-29,0.0
2023-04-30,0.0
2023-05-01,4.8
2023-05-02,0.0
2023-05-03,2.4
2023-05-04,0.0
2023-05-05,0.6
2023-05-06,0.5
2023-05-07,5.2
2023-05-08,0.0
2023-05-09,0.8
2023-05-10,2.6
2023-05-11,0.4
2023-05-12,0.0
2023-05-13,0.9
2023-05-14,1.2
2023-05-15,3.2
2023-05-16,0.0
2023-05-17,0.0
2023-05-18,1.8
2023-05-19,0.6
2023-05-20,0.5
2023-05-21,1.0
2023-05-22,0.0
2023-05-23,0.0
2023-05-24,2.1
2023-05-25,0.0
2023-05-26,3.9
2023-05-27,1.5
2023-05-28,0.0
2023-05-29,1.7
2023-05-30,1.4
2023-05-31,2.9
2023-06-01,42.9
2023-06-02,18.3
2023-06-03,48.3
2023-06-04,87.7
2023-06-05,51.9
2023-06-06,13.0
2023-06-07,71.0
2023-06-08,20.2
2023-06-09,20.7
2023-06-10,31.0
2023-06-11,124.8
2023-06-12,29.9
2023-06-13,37.7
2023-06-14,138.6
2023-06-15,41.3
2023-06-16,53.5
2023-06-17,5.0
2023-06-18,58.8
2023-06-19,3.9
2023-06-20,29.9
2023-06-21,0.0
2023-06-22,51.5
2023-06-23,40.3
2023-06-24,4.1
2023-06-25,19.3
2023-06-26,16.6
2023-06-27,107.2
2023-06-28,35.9
2023-06-29,12.7
2023-06-30,27.3
2023-07-01,9.9
2023-07-02,0.0
2023-07-03,3.8
2023-07-04,25.0
2023-07-05,1.2
2023-07-06,0.0
2023-07-07,34.9
2023-07-08,0.0
2023-07-09,0.0
2023-07-10,39.7
2023-07-11,30.1
2023-07-12,42.1
2023-07-13,29.4
2023-07-14,154.3
2023-07-15,33.9
2023-07-16,5.9
2023-07-17,7.8
2023-07-18,31.9
2023-07-19,0.0
2023-07-20,12.8
2023-07-21,9.1
2023-07-22,29.8
2023-07-23,25.2
2023-07-24,17.3
2023-07-25,1.2
2023-07-26,4.1
2023-07-27,29.4
2023-07-28,11.8
2023-07-29,32.5
2023-07-30,0.0
2023-07-31,50.3
2023-08-01,15.6
2023-08-02,8.7
2023-08-03,52.4
2023-08-04,1.7
2023-08-05,32.5
2023-08-06,35.0
2023-08-07,3.2
2023-08-08,37.2
2023-08-09,0.0
2023-08-10,44.3
2023-08-11,36.0
2023-08-12,0.0
2023-08-13,10.5
2023-08-14,7.0
2023-08-15,27.3
2023-08-16,33.3
2023-08-17,122.5
2023-08-18,125.7
2023-08-19,104.6
2023-08-20,0.0
2023-08-21,33.9
2023-08-22,34.8
2023-08-23,26.3
2023-08-24,0.0
2023-08-25,0.0
2023-08-26,36.4
2023-08-27,15.5
2023-08-28,51.2
2023-08-29,10.1
2023-08-30,52.5
2023-08-31,0.0
2023-09-01,54.2
2023-09-02,18.5
2023-09-03,39.3
2023-09-04,35.2
2023-09-05,0.0
2023-09-06,0.0
2023-09-07,99.2
2023-09-08,30.8
2023-09-09,10.1
2023-09-10,30.4
2023-09-11,16.3
2023-09-12,25.4
2023-09-13,85.1
2023-09-14,8.8
2023-09-15,21.8
2023-09-16,63.0
2023-09-17,29.3
2023-09-18,24.5
2023-09-19,12.5
2023-09-20,18.7
2023-09-21,12.7
2023-09-22,29.3
2023-09-23,22.2
2023-09-24,0.0
2023-09-25,73.4
2023-09-26,20.2
2023-09-27,27.3
2023-09-28,13.6
2023-09-29,24.3
2023-09-30,43.6
2023-10-01,3.6
2023-10-02,6.3
2023-10-03,7.2
2023-10-04,0.2
2023-10-05,0.6
2023-10-06,0.0
2023-10-07,6.7
2023-10-08,14.6
2023-10-09,9.9
2023-10-10,8.6
2023-10-11,5.5
2023-10-12,0.0
2023-10-13,2.3
2023-10-14,0.0
2023-10-15,1.3
2023-10-16,0.0
2023-10-17,4.3
2023-10-18,6.8
2023-10-19,2.5
2023-10-20,11.8
2023-10-21,3.9
2023-10-22,0.0
2023-10-23,9.7
2023-10-24,0.0
2023-10-25,0.0
2023-10-26,2.6
2023-10-27,0.0
2023-10-28,9.0
2023-10-29,4.7
2023-10-30,4.2
2023-10-31,0.1
2023-11-01,4.0
2023-11-02,0.0
2023-11-03,0.6
2023-11-04,0.0
2023-11-05,3.7
2023-11-06,1.3
2023-11-07,3.9
2023-11-08,0.0
2023-11-09,2.6
2023-11-10,4.4
2023-11-11,3.5
2023-11-12,4.4
2023-11-13,8.5
2023-11-14,0.6
2023-11-15,9.2
2023-11-16,2.6
2023-11-17,2.8
2023-11-18,11.4
2023-11-19,4.7
2023-11-20,7.4
2023-11-21,4.9
2023-11-22,0.0
2023-11-23,1.7
2023-11-24,5.2
2023-11-25,0.0
2023-11-26,10.7
2023-11-27,2.6
2023-11-28,0.0
2023-11-29,0.0
2023-11-30,11.8
2023-12-01,0.0
2023-12-02,1.1
2023-12-03,3.7
2023-12-04,0.0
2023-12-05,2.3
2023-12-06,0.0
2023-12-07,4.0
2023-12-08,2.6
2023-12-09,2.4
2023-12-10,0.0
2023-12-11,0.6
2023-12-12,1.9
2023-12-13,0.0
2023-12-14,0.0
2023-12-15,0.0
2023-12-16,0.0
2023-12-17,0.1
2023-12-18,0.0
2023-12-19,5.9
2023-12-20,2.3
2023-12-21,0.0
2023-12-22,8.1
2023-12-23,0.0
2023-12-24,7.9
2023-12-25,1.9
2023-12-26,0.7
2023-12-27,0.0
2023-12-28,0.0
2023-12-29,2.2
2023-12-30,0.0
2023-12-31,2.3
2024-01-01,0.6
2024-01-02,0.0
2024-01-03,0.0
2024-01-04,1.9
2024-01-05,1.2
2024-01-06,1.4
2024-01-07,0.0
2024-01-08,0.0
2024-01-09,3.2
2024-01-10,0.0
2024-01-11,0.0
2024-01-12,3.3
2024-01-13,0.2
2024-01-14,1.3
2024-01-15,0.0
2024-01-16,0.0
2024-01-17,0.5
2024-01-18,0.0
2024-01-19,0.0
2024-01-20,4.1
2024-01-21,3.7
2024-01-22,0.0
2024-01-23,1.0
2024-01-24,0.0
2024-01-25,0.3
2024-01-26,0.8
2024-01-27,3.7
2024-01-28,3.0
2024-01-29,1.0
2024-01-30,3.5
2024-01-31,0.0
2024-02-01,4.5
2024-02-02,4.4
2024-02-03,0.0
2024-02-04,2.6
2024-02-05,0.0
2024-02-06,1.4
2024-02-07,0.0
2024-02-08,0.0
2024-02-09,0.0
2024-02-10,3.1
2024-02-11,3.9
2024-02-12,2.2
2024-02-13,4.8
2024-02-14,0.0
2024-02-15,0.0
2024-02-16,0.0
2024-02-17,0.0
2024-02-18,0.0
2024-02-19,0.0
2024-02-20,0.9
2024-02-21,1.4
2024-02-22,2.3
2024-02-23,1.1
2024-02-24,0.4
2024-02-25,0.0
2024-02-26,0.2
2024-02-27,2.0
2024-02-28,0.0
2024-02-29,0.2
2024-03-01,0.3
2024-03-02,0.0
2024-03-03,10.2
2024-03-04,0.4
2024-03-05,0.0
2024-03-06,1.6
2024-03-07,0.0
2024-03-08,7.0
2024-03-09,4.0
2024-03-10,0.0
2024-03-11,0.0
2024-03-12,0.0
2024-03-13,0.0
2024-03-14,4.1
2024-03-15,0.0
2024-03-16,0.0
2024-03-17,0.0
2024-03-18,3.6
2024-03-19,0.4
2024-03-20,1.7
2024-03-21,0.6
2024-03-22,2.0
2024-03-23,2.0
2024-03-24,2.1
2024-03-25,2.9
2024-03-26,0.4
2024-03-27,0.0
2024-03-28,5.9
2024-03-29,0.0
2024-03-30,2.1
2024-03-31,0.0
2024-04-01,0.0
2024-04-02,0.0
2024-04-03,2.5
2024-04-04,2.5
2024-04-05,0.0
2024-04-06,0.4
2024-04-07,3.9
2024-04-08,6.2
2024-04-09,3.1
2024-04-10,4.0
2024-04-11,0.4
2024-04-12,0.0
2024-04-13,2.8
2024-04-14,0.0
2024-04-15,1.3
2024-04-16,0.5
2024-04-17,4.4
2024-04-18,2.0
2024-04-19,0.0
2024-04-20,0.0
2024-04-21,1.3
2024-04-22,0.0
2024-04-23,0.0
2024-04-24,0.0
2024-04-25,0.0
2024-04-26,0.0
2024-04-27,3.8
2024-04-28,0.2
2024-04-29,2.3
2024-04-30,0.0
2024-05-01,0.7
2024-05-02,1.9
2024-05-03,3.5
2024-05-04,2.0
2024-05-05,0.0
2024-05-06,1.2
2024-05-07,0.0
2024-05-08,0.0
2024-05-09,0.2
2024-05-10,0.0
2024-05-11,5.4
2024-05-12,0.0
2024-05-13,2.6
2024-05-14,2.8
2024-05-15,0.0
2024-05-16,0.2
2024-05-17,0.0
2024-05-18,1.4
2024-05-19,1.0
2024-05-20,2.1
2024-05-21,0.4
2024-05-22,3.4
2024-05-23,0.0
2024-05-24,0.0
2024-05-25,2.0
2024-05-26,0.0
2024-05-27,0.0
2024-05-28,3.9
2024-05-29,0.0
2024-05-30,4.9
2024-05-31,0.0
2024-06-01,22.2
2024-06-02,20.6
2024-06-03,25.6
2024-06-04,34.3
2024-06-05,94.0
2024-06-06,41.4
2024-06-07,4.3
2024-06-08,33.0
2024-06-09,6.3
2024-06-10,23.5
2024-06-11,4.9
2024-06-12,105.1
2024-06-13,43.5
2024-06-14,12.0
2024-06-15,183.5
2024-06-16,0.0
2024-06-17,41.8
2024-06-18,22.4
2024-06-19,10.0
2024-06-20,31.4
2024-06-21,24.7
2024-06-22,0.0
2024-06-23,28.6
2024-06-24,13.9
2024-06-25,15.0
2024-06-26,17.0
2024-06-27,37.5
2024-06-28,18.1
2024-06-29,7.3
2024-06-30,0.0
2024-07-01,0.0
2024-07-02,91.0
2024-07-03,0.0
2024-07-04,28.4
2024-07-05,0.0
2024-07-06,12.5
2024-07-07,16.5
2024-07-08,27.5
2024-07-09,119.8
2024-07-10,24.7
2024-07-11,24.2
2024-07-12,15.2
2024-07-13,4.8
2024-07-14,92.2
2024-07-15,0.9
2024-07-16,10.0
2024-07-17,45.6
2024-07-18,40.4
2024-07-19,57.2
2024-07-20,26.0
2024-07-21,0.0
2024-07-22,12.9
2024-07-23,14.5
2024-07-24,29.6
2024-07-25,69.8
2024-07-26,29.5
2024-07-27,49.1
2024-07-28,51.3
2024-07-29,9.0
2024-07-30,14.2
2024-07-31,6.2
2024-08-01,53.2
2024-08-02,12.8
2024-08-03,18.3
2024-08-04,5.8
2024-08-05,10.0
2024-08-06,23.6
2024-08-07,18.8
2024-08-08,12.8
2024-08-09,23.3
2024-08-10,48.8
2024-08-11,39.6
2024-08-12,122.0
2024-08-13,44.7
2024-08-14,22.7
2024-08-15,55.9
2024-08-16,7.3
2024-08-17,37.4
2024-08-18,18.4
2024-08-19,41.9
2024-08-20,34.5
2024-08-21,58.7
2024-08-22,6.6
2024-08-23,40.2
2024-08-24,58.1
2024-08-25,0.0
2024-08-26,23.2
2024-08-27,23.8
2024-08-28,129.1
2024-08-29,10.3
2024-08-30,74.8
2024-08-31,54.5
2024-09-01,8.8
2024-09-02,30.1
2024-09-03,29.0
2024-09-04,33.5
2024-09-05,49.1
2024-09-06,22.5
2024-09-07,10.8
2024-09-08,118.9
2024-09-09,2.8
2024-09-10,32.1
2024-09-11,34.3
2024-09-12,24.7
2024-09-13,52.0
2024-09-14,21.5
2024-09-15,19.3
2024-09-16,30.4
2024-09-17,25.4
2024-09-18,0.0
2024-09-19,21.4
2024-09-20,51.7
2024-09-21,49.0
2024-09-22,23.9
2024-09-23,31.5
2024-09-24,7.3
2024-09-25,10.5
2024-09-26,0.0
2024-09-27,15.8
2024-09-28,94.4
2024-09-29,0.0
2024-09-30,120.8
2024-10-01,6.0
2024-10-02,0.0
2024-10-03,2.8
2024-10-04,5.6
2024-10-05,6.6
2024-10-06,0.5
2024-10-07,2.7
2024-10-08,4.8
2024-10-09,9.4
2024-10-10,8.0
2024-10-11,6.2
2024-10-12,5.0
2024-10-13,0.0
2024-10-14,0.0
2024-10-15,2.5
2024-10-16,8.2
2024-10-17,5.0
2024-10-18,5.8
2024-10-19,0.0
2024-10-20,0.0
2024-10-21,8.6
2024-10-22,2.8
2024-10-23,0.0
2024-10-24,7.4
2024-10-25,4.3
2024-10-26,17.8
2024-10-27,9.3
2024-10-28,4.7
2024-10-29,2.2
2024-10-30,4.2
2024-10-31,2.5
2024-11-01,0.0
2024-11-02,7.6
2024-11-03,4.4
2024-11-04,0.0
2024-11-05,0.0
2024-11-06,0.0
2024-11-07,7.9
2024-11-08,2.8
2024-11-09,10.4
2024-11-10,0.0
2024-11-11,0.0
2024-11-12,8.3
2024-11-13,0.0
2024-11-14,0.0
2024-11-15,0.4
2024-11-16,0.0
2024-11-17,5.7
2024-11-18,8.6
2024-11-19,0.0
2024-11-20,1.5
2024-11-21,3.1
2024-11-22,3.4
2024-11-23,7.2
2024-11-24,3.6
2024-11-25,0.1
2024-11-26,0.0
2024-11-27,0.0
2024-11-28,1.1
2024-11-29,3.1
2024-11-30,7.6
2024-12-01,0.1
2024-12-02,6.8
2024-12-03,0.8
2024-12-04,0.0
2024-12-05,2.0
2024-12-06,0.0
2024-12-07,1.5
2024-12-08,0.0
2024-12-09,2.7
2024-12-10,1.2
2024-12-11,1.5
2024-12-12,1.4
2024-12-13,0.0
2024-12-14,0.0
2024-12-15,4.9
2024-12-16,2.2
2024-12-17,0.0
2024-12-18,2.1
2024-12-19,2.0
2024-12-20,5.9
2024-12-21,3.8
2024-12-22,2.0
2024-12-23,0.0
2024-12-24,5.5
2024-12-25,0.7
2024-12-26,0.0
2024-12-27,0.0
2024-12-28,0.0
2024-12-29,0.1
2024-12-30,2.9
2024-12-31,3.3
2025-01-01,3.9
2025-01-02,1.4
2025-01-03,3.1
2025-01-04,6.6
2025-01-05,3.3
2025-01-06,5.0
2025-01-07,0.0
2025-01-08,0.0
2025-01-09,0.0
2025-01-10,0.0
2025-01-11,1.2
2025-01-12,4.5
2025-01-13,0.0
2025-01-14,1.5
2025-01-15,0.0
2025-01-16,0.0
2025-01-17,1.7
2025-01-18,0.0
2025-01-19,3.9
2025-01-20,0.0
2025-01-21,1.8
2025-01-22,0.0
2025-01-23,4.7
2025-01-24,2.9
2025-01-25,0.0
2025-01-26,0.0
2025-01-27,0.0
2025-01-28,0.0
2025-01-29,0.5
2025-01-30,1.1
2025-01-31,2.7
2025-02-01,0.0
2025-02-02,0.0
2025-02-03,1.6
2025-02-04,0.1
2025-02-05,0.7
2025-02-06,0.0
2025-02-07,0.6
2025-02-08,4.7
2025-02-09,0.0
2025-02-10,0.0
2025-02-11,2.6
2025-02-12,4.9
2025-02-13,0.5
2025-02-14,0.0
2025-02-15,0.0
2025-02-16,1.7
2025-02-17,0.0
2025-02-18,6.4
2025-02-19,6.9
2025-02-20,1.6
2025-02-21,2.2
2025-02-22,0.7
2025-02-23,3.9
2025-02-24,1.0
2025-02-25,1.2
2025-02-26,4.4
2025-02-27,2.6
2025-02-28,6.3
2025-03-01,0.0
2025-03-02,0.0
2025-03-03,0.0
2025-03-04,3.1
2025-03-05,0.0
2025-03-06,2.5
2025-03-07,0.0
2025-03-08,0.8
2025-03-09,6.7
2025-03-10,5.1
2025-03-11,0.0
2025-03-12,1.9
2025-03-13,3.1
2025-03-14,0.0
2025-03-15,0.0
2025-03-16,2.7
2025-03-17,1.3
2025-03-18,2.4
2025-03-19,0.6
2025-03-20,6.8
2025-03-21,0.0
2025-03-22,0.0
2025-03-23,2.3
2025-03-24,2.8
2025-03-25,0.0
2025-03-26,4.2
2025-03-27,0.0
2025-03-28,1.0
2025-03-29,0.2
2025-03-30,0.0
2025-03-31,3.8
2025-04-01,0.0
2025-04-02,0.0
2025-04-03,0.0
2025-04-04,3.2
2025-04-05,4.9
2025-04-06,2.9
2025-04-07,4.5
2025-04-08,0.0
2025-04-09,1.4
2025-04-10,0.0
2025-04-11,0.1
2025-04-12,1.6
2025-04-13,1.2
2025-04-14,4.4
2025-04-15,0.0
2025-04-16,0.0
2025-04-17,0.0
2025-04-18,0.0
2025-04-19,3.5
2025-04-20,1.5
2025-04-21,4.9
2025-04-22,4.0
2025-04-23,1.2
2025-04-24,0.0
2025-04-25,3.5
2025-04-26,0.0
2025-04-27,0.0
2025-04-28,0.0
2025-04-29,1.3
2025-04-30,4.2
2025-05-01,1.1
2025-05-02,4.1
2025-05-03,1.2
2025-05-04,0.0
2025-05-05,7.8
2025-05-06,5.6
2025-05-07,1.5
2025-05-08,0.0
2025-05-09,0.0
2025-05-10,2.0
2025-05-11,0.4
2025-05-12,2.2
2025-05-13,1.8
2025-05-14,2.1
2025-05-15,3.9
2025-05-16,1.8
2025-05-17,0.0
2025-05-18,0.0
2025-05-19,2.5
2025-05-20,0.0
2025-05-21,2.8
2025-05-22,2.8
2025-05-23,0.9
2025-05-24,0.0
2025-05-25,0.0
2025-05-26,0.0
2025-05-27,0.0
2025-05-28,1.1
2025-05-29,0.0
2025-05-30,0.0
2025-05-31,3.2
2025-06-01,24.3
2025-06-02,22.9
2025-06-03,0.0
2025-06-04,34.7
2025-06-05,95.0
2025-06-06,34.4
2025-06-07,82.8
2025-06-08,8.7
2025-06-09,145.7
2025-06-10,8.3
2025-06-11,45.2
2025-06-12,16.3
2025-06-13,16.2
2025-06-14,26.3
2025-06-15,31.1
2025-06-16,6.6
2025-06-17,22.3
2025-06-18,12.1
2025-06-19,70.6
2025-06-20,21.8
2025-06-21,5.4
2025-06-22,48.0
2025-06-23,22.7
2025-06-24,17.6
2025-06-25,5.1
2025-06-26,23.0
2025-06-27,94.0
2025-06-28,0.0
2025-06-29,20.3
2025-06-30,14.8
2025-07-01,2.3
2025-07-02,40.4
2025-07-03,15.9
2025-07-04,37.9
2025-07-05,29.5
2025-07-06,40.1
2025-07-07,120.5
2025-07-08,24.8
2025-07-09,10.8
2025-07-10,135.0
2025-07-11,63.2
2025-07-12,0.0
2025-07-13,14.8
2025-07-14,28.7
2025-07-15,39.7
2025-07-16,29.4
2025-07-17,34.1
2025-07-18,28.4
2025-07-19,73.4
2025-07-20,15.4
2025-07-21,9.6
2025-07-22,43.8
2025-07-23,5.2
2025-07-24,50.5
2025-07-25,32.4
2025-07-26,33.9
2025-07-27,3.7
2025-07-28,64.8
2025-07-29,14.9
2025-07-30,2.3
2025-07-31,0.0
2025-08-01,124.8
2025-08-02,3.1
2025-08-03,9.6
2025-08-04,41.2
2025-08-05,16.2
2025-08-06,14.9
2025-08-07,48.7
2025-08-08,4.2
2025-08-09,33.4
2025-08-10,6.5
2025-08-11,109.3
2025-08-12,3.9
2025-08-13,24.4
2025-08-14,13.9
2025-08-15,0.9
2025-08-16,39.7
2025-08-17,102.2
2025-08-18,12.8
2025-08-19,116.8
2025-08-20,14.0
2025-08-21,5.7
2025-08-22,19.6
2025-08-23,23.1
2025-08-24,0.0
2025-08-25,19.2
2025-08-26,0.0
2025-08-27,41.6
2025-08-28,88.8
2025-08-29,25.3
2025-08-30,53.9
2025-08-31,50.5
2025-09-01,10.2
2025-09-02,25.4
2025-09-03,0.0
2025-09-04,32.5
2025-09-05,25.3
2025-09-06,13.7
2025-09-07,17.2
2025-09-08,12.3
2025-09-09,26.9
2025-09-10,31.5
2025-09-11,24.1
2025-09-12,40.2
2025-09-13,18.0
2025-09-14,23.8
2025-09-15,7.1
2025-09-16,12.2
2025-09-17,69.6
2025-09-18,0.0
2025-09-19,28.2
2025-09-20,36.8
2025-09-21,36.3
2025-09-22,5.2
2025-09-23,3.7
2025-09-24,6.6
2025-09-25,0.0
2025-09-26,0.0
2025-09-27,16.3
2025-09-28,78.4
2025-09-29,33.3
2025-09-30,47.3
2025-10-01,6.2
2025-10-02,6.7
2025-10-03,5.8
2025-10-04,9.5
2025-10-05,0.5
2025-10-06,0.0
2025-10-07,9.4
2025-10-08,3.0
2025-10-09,0.3
2025-10-10,3.2
2025-10-11,0.8
2025-10-12,8.0
2025-10-13,7.5
2025-10-14,4.6
2025-10-15,5.7
2025-10-16,3.2
2025-10-17,8.1
2025-10-18,0.0
2025-10-19,0.0
2025-10-20,2.8
2025-10-21,0.9
2025-10-22,0.0
2025-10-23,6.1
2025-10-24,0.0
2025-10-25,4.1
2025-10-26,3.6
2025-10-27,3.3
2025-10-28,0.0
2025-10-29,2.0
2025-10-30,9.1
2025-10-31,5.7
2025-11-01,7.8
2025-11-02,2.6
2025-11-03,0.0
2025-11-04,0.7
2025-11-05,2.2
2025-11-06,9.5
2025-11-07,8.7
2025-11-08,5.1
2025-11-09,0.0
2025-11-10,3.6
2025-11-11,1.7
2025-11-12,1.8
2025-11-13,0.0
2025-11-14,5.3
2025-11-15,2.9
2025-11-16,7.0
2025-11-17,0.0
2025-11-18,0.0
2025-11-19,21.2
2025-11-20,0.0
2025-11-21,4.4
2025-11-22,5.2
2025-11-23,0.0
2025-11-24,11.6
2025-11-25,2.7
2025-11-26,3.7
2025-11-27,12.1
2025-11-28,0.0
2025-11-29,0.6
2025-11-30,1.3
2025-12-01,0.0
2025-12-02,1.7
2025-12-03,2.2
2025-12-04,1.5
2025-12-05,2.6
2025-12-06,3.2
2025-12-07,1.8
2025-12-08,0.4
2025-12-09,4.1
2025-12-10,0.0
2025-12-11,4.5
2025-12-12,0.5
2025-12-13,2.9
2025-12-14,5.6
2025-12-15,0.0
2025-12-16,0.5
2025-12-17,0.0
2025-12-18,5.3
2025-12-19,0.0
2025-12-20,7.8
2025-12-21,0.0
2025-12-22,1.9
2025-12-23,0.0
2025-12-24,2.3
2025-12-25,0.0
2025-12-26,0.0
2025-12-27,0.0
2025-12-28,1.3
2025-12-29,0.0
2025-12-30,0.0
2025-12-31,1.2
2026-01-01,0.7
2026-01-02,3.6
2026-01-03,0.0
2026-01-04,2.1
2026-01-05,1.8
2026-01-06,0.2
2026-01-07,0.0
2026-01-08,0.8
2026-01-09,3.2
2026-01-10,0.1
2026-01-11,3.1
2026-01-12,0.3
2026-01-13,5.3
2026-01-14,1.1
2026-01-15,0.6
2026-01-16,0.0
2026-01-17,0.0
2026-01-18,2.0
2026-01-19,0.4
2026-01-20,1.7
2026-01-21,0.0
2026-01-22,0.6
2026-01-23,0.0
2026-01-24,1.7
2026-01-25,0.5
2026-01-26,5.7
2026-01-27,0.0
2026-01-28,3.8
2026-01-29,0.0
2026-01-30,0.0
2026-01-31,0.0
2026-02-01,4.1
2026-02-02,2.1
2026-02-03,1.3
2026-02-04,1.6
2026-02-05,0.0
2026-02-06,4.5
2026-02-07,4.5
2026-02-08,0.9
2026-02-09,1.0
2026-02-10,2.6
2026-02-11,0.6
2026-02-12,0.5
2026-02-13,0.0
2026-02-14,0.1
2026-02-15,0.0
2026-02-16,2.8
2026-02-17,0.2
2026-02-18,0.0
2026-02-19,0.0
2026-02-20,0.0
2026-02-21,4.9
2026-02-22,2.3
2026-02-23,3.2
2026-02-24,0.0
2026-02-25,4.6
2026-02-26,1.4
2026-02-27,4.6
2026-02-28,1.0
2026-03-01,0.9
2026-03-02,0.0
2026-03-03,1.2
2026-03-04,1.6
2026-03-05,4.7
2026-03-06,4.8
2026-03-07,1.2
2026-03-08,4.0
2026-03-09,0.0
2026-03-10,0.0
2026-03-11,1.6
2026-03-12,3.2
2026-03-13,2.1
2026-03-14,0.9
2026-03-15,0.0
2026-03-16,0.0
2026-03-17,5.8
2026-03-18,3.8
2026-03-19,4.3
2026-03-20,1.0
2026-03-21,0.0
2026-03-22,2.4
2026-03-23,0.9
2026-03-24,0.7
2026-03-25,0.9
2026-03-26,0.0
2026-03-27,0.0
2026-03-28,0.4
2026-03-29,0.0
2026-03-30,2.5
2026-03-31,3.1
2026-04-01,0.0
2026-04-02,0.0
2026-04-03,2.0
2026-04-04,1.6
2026-04-05,1.1
2026-04-06,0.0
2026-04-07,0.0
2026-04-08,5.3
2026-04-09,0.5
2026-04-10,2.3
2026-04-11,0.8
2026-04-12,2.0
2026-04-13,0.0
2026-04-14,0.0
2026-04-15,0.0
2026-04-16,0.0
2026-04-17,0.0
2026-04-18,0.0
2026-04-19,0.0
2026-04-20,0.0
2026-04-21,0.0
2026-04-22,0.7
2026-04-23,1.0
2026-04-24,0.0
2026-04-25,6.0
2026-04-26,2.8
2026-04-27,3.8
2026-04-28,0.2
2026-04-29,3.2
2026-04-30,2.9
2026-05-01,0.0
2026-05-02,0.0
2026-05-03,8.3
2026-05-04,0.0
2026-05-05,2.2
2026-05-06,0.5
2026-05-07,3.1
2026-05-08,0.0
2026-05-09,0.0
2026-05-10,3.8
2026-05-11,1.5
2026-05-12,0.0
2026-05-13,1.1
2026-05-14,0.5
2026-05-15,2.8
2026-05-16,1.8
2026-05-17,1.9
2026-05-18,1.2
2026-05-19,1.7
2026-05-20,0.0
2026-05-21,0.0
2026-05-22,0.0
2026-05-23,0.0
2026-05-24,3.0
2026-05-25,3.7
2026-05-26,2.5
2026-05-27,0.0
2026-05-28,0.0
2026-05-29,0.0
2026-05-30,3.8
2026-05-31,2.3
2026-06-01,53.3
2026-06-02,2.3
2026-06-03,38.2
2026-06-04,47.5
2026-06-05,33.3
2026-06-06,29.1
2026-06-07,24.7
2026-06-08,10.0
2026-06-09,12.2
2026-06-10,42.7
2026-06-11,41.3
2026-06-12,43.0
2026-06-13,15.6
2026-06-14,26.7
2026-06-15,30.1
2026-06-16,141.9
2026-06-17,1.8
2026-06-18,48.2
2026-06-19,105.0
2026-06-20,8.5
2026-06-21,38.3
2026-06-22,21.7
2026-06-23,30.4
2026-06-24,125.3
2026-06-25,43.3
2026-06-26,4.6
2026-06-27,25.1
2026-06-28,36.3
2026-06-29,4.2
2026-06-30,8.1
2026-07-01,29.7
2026-07-02,21.0
2026-07-03,29.2
2026-07-04,31.2
2026-07-05,15.5
2026-07-06,28.5
2026-07-07,20.1
2026-07-08,31.0
2026-07-09,62.7
2026-07-10,7.9
2026-07-11,16.0
2026-07-12,4.4
2026-07-13,10.6
2026-07-14,46.7
2026-07-15,72.9
2026-07-16,23.8
2026-07-17,38.5
2026-07-18,22.9
2026-07-19,21.7
2026-07-20,20.8
2026-07-21,13.7
2026-07-22,15.7
2026-07-23,22.3
2026-07-24,55.8
2026-07-25,44.4
2026-07-26,16.7
2026-07-27,52.1
2026-07-28,124.0
2026-07-29,46.8
2026-07-30,34.9
2026-07-31,19.1
2026-08-01,30.8
2026-08-02,0.0
2026-08-03,21.0
2026-08-04,29.0
2026-08-05,13.0
2026-08-06,16.7
2026-08-07,3.4
2026-08-08,34.4
2026-08-09,67.9
2026-08-10,35.2
2026-08-11,133.3
2026-08-12,0.0
2026-08-13,33.4
2026-08-14,29.4
