datetime,water_level_m
2026-06-01 00:00,1.84
2026-06-01 03:00,1.89
2026-06-01 06:00,1.83
2026-06-01 09:00,1.82
2026-06-01 12:00,1.91
2026-06-01 15:00,1.94
2026-06-01 18:00,1.82
2026-06-01 21:00,1.9
2026-06-02 00:00,1.77
2026-06-02 03:00,1.64
2026-06-02 06:00,1.68
2026-06-02 09:00,1.68
2026-06-02 12:00,1.72
2026-06-02 15:00,1.76
2026-06-02 18:00,1.81
2026-06-02 21:00,1.92
2026-06-03 00:00,1.9
2026-06-03 03:00,1.9
2026-06-03 06:00,1.88
2026-06-03 09:00,1.81
2026-06-03 12:00,1.76
2026-06-03 15:00,1.79
2026-06-03 18:00,1.8
2026-06-03 21:00,1.91
2026-06-04 00:00,1.92
2026-06-04 03:00,1.86
2026-06-04 06:00,1.75
2026-06-04 09:00,1.83
2026-06-04 12:00,1.95
2026-06-04 15:00,1.99
2026-06-04 18:00,2.05
2026-06-04 21:00,2.01
2026-06-05 00:00,1.95
2026-06-05 03:00,1.91
2026-06-05 06:00,1.81
2026-06-05 09:00,1.84
2026-06-05 12:00,1.69
2026-06-05 15:00,1.5
2026-06-05 18:00,2.19
2026-06-05 21:00,2.28
2026-06-06 00:00,2.31
2026-06-06 03:00,2.34
2026-06-06 06:00,2.35
2026-06-06 09:00,2.44
2026-06-06 12:00,2.36
2026-06-06 15:00,2.4
2026-06-06 18:00,2.45
2026-06-06 21:00,2.41
2026-06-07 00:00,2.57
2026-06-07 03:00,2.45
2026-06-07 06:00,2.46
2026-06-07 09:00,2.53
2026-06-07 12:00,2.54
2026-06-07 15:00,2.56
2026-06-07 18:00,2.39
2026-06-07 21:00,2.32
2026-06-08 00:00,2.24
2026-06-08 03:00,2.17
2026-06-08 06:00,2.21
2026-06-08 09:00,2.06
2026-06-08 12:00,2.04
2026-06-08 15:00,2.07
2026-06-08 18:00,2.13
2026-06-08 21:00,2.16
2026-06-09 00:00,2.17
2026-06-09 03:00,2.18
2026-06-09 06:00,2.18
2026-06-09 09:00,2.21
2026-06-09 12:00,2.25
2026-06-09 15:00,2.31
2026-06-09 18:00,2.43
2026-06-09 21:00,2.55
2026-06-10 00:00,2.53
2026-06-10 03:00,2.54
2026-06-10 06:00,2.54
2026-06-10 09:00,3.86
2026-06-10 12:00,3.82
2026-06-10 15:00,4.65
2026-06-10 18:00,4.82
2026-06-10 21:00,4.81
2026-06-11 00:00,4.78
2026-06-11 03:00,4.83
2026-06-11 06:00,4.85
2026-06-11 09:00,4.79
2026-06-11 12:00,4.96
2026-06-11 15:00,4.95
2026-06-11 18:00,4.96
2026-06-11 21:00,4.91
2026-06-12 00:00,4.94
2026-06-12 03:00,4.95
2026-06-12 06:00,4.89
2026-06-12 09:00,4.72
2026-06-12 12:00,4.92
2026-06-12 15:00,4.92
2026-06-12 18:00,4.94
2026-06-12 21:00,5.0
2026-06-13 00:00,5.13
2026-06-13 03:00,5.05
2026-06-13 06:00,5.07
2026-06-13 09:00,5.05
2026-06-13 12:00,5.09
2026-06-13 15:00,4.97
2026-06-13 18:00,5.0
2026-06-13 21:00,4.94
2026-06-14 00:00,4.88
2026-06-14 03:00,4.94
2026-06-14 06:00,4.97
2026-06-14 09:00,5.02
2026-06-14 12:00,5.04
2026-06-14 15:00,5.01
2026-06-14 18:00,4.98
2026-06-14 21:00,4.93
2026-06-15 00:00,5.15
2026-06-15 03:00,5.18
2026-06-15 06:00,5.27
2026-06-15 09:00,5.24
2026-06-15 12:00,5.27
2026-06-15 15:00,5.34
2026-06-15 18:00,5.29
2026-06-15 21:00,5.27
2026-06-16 00:00,5.34
2026-06-16 03:00,5.31
2026-06-16 06:00,5.39
2026-06-16 09:00,5.36
2026-06-16 12:00,6.02
2026-06-16 15:00,6.01
2026-06-16 18:00,6.17
2026-06-16 21:00,6.18
2026-06-17 00:00,6.17
2026-06-17 03:00,6.08
2026-06-17 06:00,5.96
2026-06-17 09:00,5.92
2026-06-17 12:00,5.93
2026-06-17 15:00,6.01
2026-06-17 18:00,5.89
2026-06-17 21:00,5.85
2026-06-18 00:00,5.79
2026-06-18 03:00,5.74
2026-06-18 06:00,5.65
2026-06-18 09:00,5.69
2026-06-18 12:00,5.65
2026-06-18 15:00,5.51
2026-06-18 18:00,5.34
2026-06-18 21:00,5.28
2026-06-19 00:00,5.35
2026-06-19 03:00,5.42
2026-06-19 06:00,5.54
2026-06-19 09:00,5.6
2026-06-19 12:00,5.68
2026-06-19 15:00,5.8
2026-06-19 18:00,5.96
2026-06-19 21:00,5.83
2026-06-20 00:00,5.77
2026-06-20 03:00,5.83
2026-06-20 06:00,5.89
2026-06-20 09:00,5.97
2026-06-20 12:00,6.0
2026-06-20 15:00,6.8
2026-06-20 18:00,6.8
2026-06-20 21:00,6.8
2026-06-21 00:00,6.78
2026-06-21 03:00,6.79
2026-06-21 06:00,6.8
2026-06-21 09:00,6.8
2026-06-21 12:00,6.8
2026-06-21 15:00,6.75
2026-06-21 18:00,6.8
2026-06-21 21:00,6.73
2026-06-22 00:00,6.8
2026-06-22 03:00,6.76
2026-06-22 06:00,6.8
2026-06-22 09:00,6.8
2026-06-22 12:00,6.8
2026-06-22 15:00,6.77
2026-06-22 18:00,6.8
2026-06-22 21:00,6.78
2026-06-23 00:00,6.74
2026-06-23 03:00,6.8
2026-06-23 06:00,6.8
2026-06-23 09:00,6.8
2026-06-23 12:00,6.8
2026-06-23 15:00,6.8
2026-06-23 18:00,6.76
2026-06-23 21:00,6.8
2026-06-24 00:00,6.8
2026-06-24 03:00,6.8
2026-06-24 06:00,6.76
2026-06-24 09:00,6.75
2026-06-24 12:00,6.8
2026-06-24 15:00,6.8
2026-06-24 18:00,6.8
2026-06-24 21:00,6.74
2026-06-25 00:00,6.8
2026-06-25 03:00,6.8
2026-06-25 06:00,6.76
2026-06-25 09:00,6.71
2026-06-25 12:00,6.74
2026-06-25 15:00,6.77
2026-06-25 18:00,6.8
2026-06-25 21:00,6.8
2026-06-26 00:00,6.78
2026-06-26 03:00,6.73
2026-06-26 06:00,6.7
2026-06-26 09:00,6.72
2026-06-26 12:00,6.8
2026-06-26 15:00,6.76
2026-06-26 18:00,6.8
2026-06-26 21:00,6.8
2026-06-27 00:00,6.72
2026-06-27 03:00,6.74
2026-06-27 06:00,6.8
2026-06-27 09:00,6.8
2026-06-27 12:00,6.8
2026-06-27 15:00,6.8
2026-06-27 18:00,6.73
2026-06-27 21:00,6.69
2026-06-28 00:00,6.66
2026-06-28 03:00,6.51
2026-06-28 06:00,6.57
2026-06-28 09:00,6.57
2026-06-28 12:00,6.73
2026-06-28 15:00,6.78
2026-06-28 18:00,6.77
2026-06-28 21:00,6.64
2026-06-29 00:00,6.5
2026-06-29 03:00,6.5
2026-06-29 06:00,6.37
2026-06-29 09:00,6.29
2026-06-29 12:00,6.3
2026-06-29 15:00,6.33
2026-06-29 18:00,6.46
2026-06-29 21:00,6.57
2026-06-30 00:00,6.49
2026-06-30 03:00,6.8
2026-06-30 06:00,6.8
2026-06-30 09:00,6.72
2026-06-30 12:00,6.8
2026-06-30 15:00,6.8
2026-06-30 18:00,6.8
2026-06-30 21:00,6.8
2026-07-01 00:00,6.8
2026-07-01 03:00,6.8
2026-07-01 06:00,6.74
2026-07-01 09:00,6.57
2026-07-01 12:00,6.65
2026-07-01 15:00,6.7
2026-07-01 18:00,6.8
2026-07-01 21:00,6.8
2026-07-02 00:00,6.73
2026-07-02 03:00,6.59
2026-07-02 06:00,6.48
2026-07-02 09:00,6.48
2026-07-02 12:00,6.57
2026-07-02 15:00,6.54
2026-07-02 18:00,6.69
2026-07-02 21:00,6.72
2026-07-03 00:00,6.65
2026-07-03 03:00,6.7
2026-07-03 06:00,6.76
2026-07-03 09:00,6.8
2026-07-03 12:00,6.8
2026-07-03 15:00,6.8
2026-07-03 18:00,6.8
2026-07-03 21:00,6.7
2026-07-04 00:00,6.8
2026-07-04 03:00,6.8
2026-07-04 06:00,6.8
2026-07-04 09:00,6.8
2026-07-04 12:00,6.8
2026-07-04 15:00,6.8
2026-07-04 18:00,6.8
2026-07-04 21:00,6.8
2026-07-05 00:00,6.79
2026-07-05 03:00,6.8
2026-07-05 06:00,6.72
2026-07-05 09:00,6.68
2026-07-05 12:00,6.76
2026-07-05 15:00,6.79
2026-07-05 18:00,6.8
2026-07-05 21:00,6.78
2026-07-06 00:00,6.8
2026-07-06 03:00,6.8
2026-07-06 06:00,6.8
2026-07-06 09:00,6.66
2026-07-06 12:00,6.5
2026-07-06 15:00,6.46
2026-07-06 18:00,6.29
2026-07-06 21:00,6.37
2026-07-07 00:00,6.65
2026-07-07 03:00,6.76
2026-07-07 06:00,6.72
2026-07-07 09:00,6.8
2026-07-07 12:00,6.8
2026-07-07 15:00,6.8
2026-07-07 18:00,6.76
2026-07-07 21:00,6.8
2026-07-08 00:00,6.8
2026-07-08 03:00,6.74
2026-07-08 06:00,6.8
2026-07-08 09:00,6.8
2026-07-08 12:00,6.8
2026-07-08 15:00,6.8
2026-07-08 18:00,6.8
2026-07-08 21:00,6.8
2026-07-09 00:00,6.71
2026-07-09 03:00,6.8
2026-07-09 06:00,6.8
2026-07-09 09:00,6.8
2026-07-09 12:00,6.8
2026-07-09 15:00,6.8
2026-07-09 18:00,6.8
2026-07-09 21:00,6.8
2026-07-10 00:00,6.54
2026-07-10 03:00,6.66
2026-07-10 06:00,6.71
2026-07-10 09:00,6.73
2026-07-10 12:00,6.8
2026-07-10 15:00,6.8
2026-07-10 18:00,6.8
2026-07-10 21:00,6.61
2026-07-11 00:00,6.68
2026-07-11 03:00,6.75
2026-07-11 06:00,6.8
2026-07-11 09:00,6.75
2026-07-11 12:00,6.62
2026-07-11 15:00,6.68
2026-07-11 18:00,6.73
2026-07-11 21:00,6.8
2026-07-12 00:00,6.8
2026-07-12 03:00,6.8
2026-07-12 06:00,6.8
2026-07-12 09:00,6.8
2026-07-12 12:00,6.75
2026-07-12 15:00,6.8
2026-07-12 18:00,6.53
2026-07-12 21:00,6.62
2026-07-13 00:00,6.55
2026-07-13 03:00,6.59
2026-07-13 06:00,6.8
2026-07-13 09:00,6.72
2026-07-13 12:00,6.66
2026-07-13 15:00,6.72
2026-07-13 18:00,6.75
2026-07-13 21:00,6.8
2026-07-14 00:00,6.79
2026-07-14 03:00,6.73
2026-07-14 06:00,6.67
2026-07-14 09:00,6.69
2026-07-14 12:00,6.75
2026-07-14 15:00,6.69
2026-07-14 18:00,6.63
2026-07-14 21:00,6.8
2026-07-15 00:00,6.8
2026-07-15 03:00,6.8
2026-07-15 06:00,6.8
2026-07-15 09:00,6.8
2026-07-15 12:00,6.8
2026-07-15 15:00,6.8
2026-07-15 18:00,6.8
2026-07-15 21:00,6.67
2026-07-16 00:00,6.79
2026-07-16 03:00,6.76
2026-07-16 06:00,6.78
2026-07-16 09:00,6.77
2026-07-16 12:00,6.72
2026-07-16 15:00,6.8
2026-07-16 18:00,6.64
2026-07-16 21:00,6.8
2026-07-17 00:00,6.8
2026-07-17 03:00,6.8
2026-07-17 06:00,6.79
2026-07-17 09:00,6.8
2026-07-17 12:00,6.8
2026-07-17 15:00,6.78
2026-07-17 18:00,6.8
2026-07-17 21:00,6.8
2026-07-18 00:00,6.8
2026-07-18 03:00,6.8
2026-07-18 06:00,6.8
2026-07-18 09:00,6.8
2026-07-18 12:00,6.78
2026-07-18 15:00,6.8
2026-07-18 18:00,6.8
2026-07-18 21:00,6.8
2026-07-19 00:00,6.8
2026-07-19 03:00,6.8
2026-07-19 06:00,6.52
2026-07-19 09:00,6.59
2026-07-19 12:00,6.61
2026-07-19 15:00,6.76
2026-07-19 18:00,6.8
2026-07-19 21:00,6.8
2026-07-20 00:00,6.8
2026-07-20 03:00,6.66
2026-07-20 06:00,6.54
2026-07-20 09:00,6.72
2026-07-20 12:00,6.74
2026-07-20 15:00,6.67
2026-07-20 18:00,6.59
2026-07-20 21:00,6.58
2026-07-21 00:00,6.69
2026-07-21 03:00,6.7
2026-07-21 06:00,6.54
2026-07-21 09:00,6.56
2026-07-21 12:00,6.43
2026-07-21 15:00,6.54
2026-07-21 18:00,6.66
2026-07-21 21:00,6.53
2026-07-22 00:00,6.51
2026-07-22 03:00,6.68
2026-07-22 06:00,6.73
2026-07-22 09:00,6.8
2026-07-22 12:00,6.8
2026-07-22 15:00,6.72
2026-07-22 18:00,6.8
2026-07-22 21:00,6.8
2026-07-23 00:00,6.61
2026-07-23 03:00,6.33
2026-07-23 06:00,6.44
2026-07-23 09:00,6.26
2026-07-23 12:00,6.26
2026-07-23 15:00,6.34
2026-07-23 18:00,6.12
2026-07-23 21:00,6.0
2026-07-24 00:00,5.93
2026-07-24 03:00,5.98
2026-07-24 06:00,6.13
2026-07-24 09:00,6.25
2026-07-24 12:00,6.22
2026-07-24 15:00,6.29
2026-07-24 18:00,6.17
2026-07-24 21:00,6.75
2026-07-25 00:00,6.74
2026-07-25 03:00,6.69
2026-07-25 06:00,6.75
2026-07-25 09:00,6.62
2026-07-25 12:00,6.52
2026-07-25 15:00,6.64
2026-07-25 18:00,6.75
2026-07-25 21:00,6.8
2026-07-26 00:00,6.71
2026-07-26 03:00,6.8
2026-07-26 06:00,6.74
2026-07-26 09:00,6.8
2026-07-26 12:00,6.77
2026-07-26 15:00,6.8
2026-07-26 18:00,6.8
2026-07-26 21:00,6.8
2026-07-27 00:00,6.61
2026-07-27 03:00,6.77
2026-07-27 06:00,6.8
2026-07-27 09:00,6.8
2026-07-27 12:00,6.8
2026-07-27 15:00,6.8
2026-07-27 18:00,6.8
2026-07-27 21:00,6.8
2026-07-28 00:00,6.8
2026-07-28 03:00,6.8
2026-07-28 06:00,6.8
2026-07-28 09:00,6.8
2026-07-28 12:00,6.78
2026-07-28 15:00,6.8
2026-07-28 18:00,6.8
2026-07-28 21:00,6.73
2026-07-29 00:00,6.76
2026-07-29 03:00,6.7
2026-07-29 06:00,6.76
2026-07-29 09:00,6.71
2026-07-29 12:00,6.61
2026-07-29 15:00,6.62
2026-07-29 18:00,6.6
2026-07-29 21:00,6.37
2026-07-30 00:00,6.39
2026-07-30 03:00,6.38
2026-07-30 06:00,6.27
2026-07-30 09:00,6.2
2026-07-30 12:00,6.08
2026-07-30 15:00,6.18
2026-07-30 18:00,6.8
2026-07-30 21:00,6.8
2026-07-31 00:00,6.8
2026-07-31 03:00,6.8
2026-07-31 06:00,6.8
2026-07-31 09:00,6.8
2026-07-31 12:00,6.77
2026-07-31 15:00,6.8
2026-07-31 18:00,6.8
2026-07-31 21:00,6.8
2026-08-01 00:00,6.8
2026-08-01 03:00,6.68
2026-08-01 06:00,6.49
2026-08-01 09:00,6.71
2026-08-01 12:00,6.8
2026-08-01 15:00,6.8
2026-08-01 18:00,6.8
2026-08-01 21:00,6.8
2026-08-02 00:00,6.8
2026-08-02 03:00,6.8
2026-08-02 06:00,6.7
2026-08-02 09:00,6.8
2026-08-02 12:00,6.79
2026-08-02 15:00,6.8
2026-08-02 18:00,6.8
2026-08-02 21:00,6.78
2026-08-03 00:00,6.79
2026-08-03 03:00,6.8
2026-08-03 06:00,6.8
2026-08-03 09:00,6.75
2026-08-03 12:00,6.78
2026-08-03 15:00,6.74
2026-08-03 18:00,6.61
2026-08-03 21:00,6.8
2026-08-04 00:00,6.8
2026-08-04 03:00,6.78
2026-08-04 06:00,6.63
2026-08-04 09:00,6.79
2026-08-04 12:00,6.71
2026-08-04 15:00,6.67
2026-08-04 18:00,6.78
2026-08-04 21:00,6.8
2026-08-05 00:00,6.8
2026-08-05 03:00,6.8
2026-08-05 06:00,6.8
2026-08-05 09:00,6.73
2026-08-05 12:00,6.66
2026-08-05 15:00,6.59
2026-08-05 18:00,6.67
2026-08-05 21:00,6.8
2026-08-06 00:00,6.79
2026-08-06 03:00,6.8
2026-08-06 06:00,6.68
2026-08-06 09:00,6.62
2026-08-06 12:00,6.58
2026-08-06 15:00,6.61
2026-08-06 18:00,6.66
2026-08-06 21:00,6.72
2026-08-07 00:00,6.77
2026-08-07 03:00,6.8
2026-08-07 06:00,6.72
2026-08-07 09:00,6.69
2026-08-07 12:00,6.8
2026-08-07 15:00,6.74
2026-08-07 18:00,6.8
2026-08-07 21:00,6.8
2026-08-08 00:00,6.8
2026-08-08 03:00,6.8
2026-08-08 06:00,6.8
2026-08-08 09:00,6.8
2026-08-08 12:00,6.68
2026-08-08 15:00,6.53
2026-08-08 18:00,6.54
2026-08-08 21:00,6.59
2026-08-09 00:00,6.61
2026-08-09 03:00,6.62
2026-08-09 06:00,6.45
2026-08-09 09:00,6.51
2026-08-09 12:00,6.6
2026-08-09 15:00,6.67
2026-08-09 18:00,6.69
2026-08-09 21:00,6.53
2026-08-10 00:00,6.53
2026-08-10 03:00,6.7
2026-08-10 06:00,6.63
2026-08-10 09:00,6.64
2026-08-10 12:00,6.8
2026-08-10 15:00,6.8
2026-08-10 18:00,6.8
2026-08-10 21:00,6.53
2026-08-11 00:00,6.63
2026-08-11 03:00,6.58
2026-08-11 06:00,6.47
2026-08-11 09:00,6.36
2026-08-11 12:00,6.15
2026-08-11 15:00,6.21
2026-08-11 18:00,6.06
2026-08-11 21:00,6.15
2026-08-12 00:00,6.21
2026-08-12 03:00,6.39
2026-08-12 06:00,6.43
2026-08-12 09:00,6.47
2026-08-12 12:00,6.8
2026-08-12 15:00,6.8
2026-08-12 18:00,6.7
2026-08-12 21:00,6.58
2026-08-13 00:00,6.5
2026-08-13 03:00,6.46
2026-08-13 06:00,6.52
2026-08-13 09:00,6.51
2026-08-13 12:00,6.58
2026-08-13 15:00,6.58
2026-08-13 18:00,6.8
2026-08-13 21:00,6.8
2026-08-14 00:00,6.8
2026-08-14 03:00,6.67
2026-08-14 06:00,6.8
2026-08-14 09:00,6.8
2026-08-14 12:00,6.8
2026-08-14 15:00,6.8
2026-08-14 18:00,6.8
2026-08-14 21:00,6.7
